{"phi": [[1.0, 0.9999999999999998], [0.18506998442939343, 0.12969696968399994], [0.6701520911877377, 0.6465927099194928], [0.969939879662525, 0.9319319318387385], [0.9999999999, 0.9999999998999998], [0.7211646135896976, 0.6712898751062413]], "phi_hat": [[1.0, 1.0], [0.18506998444790046, 0.1296969696969697], [0.6701520912547528, 0.6465927099841522], [0.969939879759519, 0.9319319319319319], [1.0, 1.0], [0.7211646136618141, 0.6712898751733704]], "eta": [[1.000000082740371e-10, 1.0000000827403713e-10], [0.18506998442939343, 0.12969696968399996], [0.48508210675834423, 0.516895740235493], [0.2487752660728274, 0.26064205673249724], [0.030060120237474952, 0.06806806806126132], [0.05101252240195997, 0.024697165186748478]], "llh": -38.00060006877838, "nlglh": 5.482327727003137, "prob": 0.4600898903992217, "count": 9767, "parents": [2, 5, 4, 0, 3], "samples": ["L13B6", "L13B9"], "cdi": [1.8270079270354662, 1.7756729359952754], "cmdi": [3.556519538239213, 3.410397591788377], "sdi": [2.321928094887362, 2.321928094887362], "visible_sampidxs": null, "samp_colours": null, "pop_colours": null}
