{"phi": [[1.0, 1.0000000000000002, 1.0, 1.0], [0.4982119626822542, 0.6528835690315561, 0.630824372696774, 0.790908998087008], [0.9531010551586967, 0.9999999999000001, 0.9999999999, 0.9989959837581472], [0.8777356700386104, 0.8427397259431233, 0.8409999999158999, 0.8108108745980757], [0.8777356700386104, 0.886443221522161, 0.8602904355674511, 0.833249845316575], [0.15108829229688872, 0.0012804097309859154, 0.0012804097309859154, 0.001280408772448391], [0.4982119626822542, 0.1954887217849624, 0.008849557521238938, 0.790908998087008], [0.18930030076468884, 0.004115226337037038, 0.004115226337037038, 0.004115229166108569], [0.1689998593888744, 0.0009999999999000004, 0.0009999999999000004, 0.0010000002178119853]], "phi_hat": [[1.0, 1.0, 1.0, 1.0], [0.34222919937205654, 0.6528835690968444, 0.6308243727598566, 0.742152466367713], [0.9531013615733737, 1.0, 1.0, 0.998995983935743], [0.887333799860042, 0.8427397260273972, 0.841, 0.8108108108108109], [0.8708708708708709, 0.8864432216108054, 0.8602904356534802, 0.8332498748122183], [0.15108834827144688, 0.0012804097311139564, 0.0012804097311139564, 0.0012804097311139564], [0.9900990099009901, 0.19548872180451127, 0.008849557522123894, 1.0], [0.18930041152263374, 0.00411522633744856, 0.00411522633744856, 0.00411522633744856], [0.169, 0.001, 0.001, 0.001]], "eta": [[0.0468989448413033, 1.0000011929633954e-10, 1.0000000827403711e-10, 0.0010040162418527565], [0.0, 0.45739484724659357, 0.6219748151755352, 0.0], [0.07536538512008628, 0.11355677837783903, 0.1397095643325489, 0.16574613844157227], [0.3795237073563562, 0.18985615691156715, 0.2101756272191259, 0.019901876511067673], [0.0, 0.043703495579037736, 0.0192904356515512, 0.022438970718499318], [0.15108829229688872, 0.0012804097309859152, 0.0012804097309859156, 0.001280408772448391], [0.13991180252869095, 0.19037349544802531, 0.003734331184301901, 0.7857937687030875], [0.038212008467800124, 0.0028348166060511216, 0.0028348166060511225, 0.0028348203936601783], [0.1689998593888744, 0.0009999999999000002, 0.0009999999999000006, 0.0010000002178119853]], "llh": -134.96916749928226, "nlglh": 6.0849796445039495, "prob": 0.04918271725950139, "count": 936, "parents": [3, 0, 4, 2, 7, 1, 6, 6], "samples": ["L14B14", "L14B5", "L14B901DCIS", "L14B901Inv"], "cdi": [2.274586766890505, 2.0268642312739087, 1.4820215844209577, 0.9842346942171425], "cmdi": [4.253589253921613, 3.7418133000402367, 3.1005604084698013, 2.878183005451723], "sdi": [2.584962500721156, 2.321928094887362, 2.0, 2.0], "visible_sampidxs": null, "samp_colours": null, "pop_colours": null}
