{"phi": [[1.0, 1.0], [1.0, 0.9999999998000001], [1.0, 0.9632241811675567], [1.0, 0.9999999999000001], [0.22556375716770963, 0.01503759398195489], [0.9618321450232886, 0.9423076921192308]], "phi_hat": [[1.0, 1.0], [0.9913309535951046, 1.0], [1.0, 0.9632241813602015], [1.0, 1.0], [0.22556390977443608, 0.015037593984962405], [0.9618320610687023, 0.9423076923076923]], "eta": [[0.0, 9.999989725173464e-11], [0.0, 0.03677581863244339], [0.03816785497671138, 0.02091648904832588], [0.0, 1.000000082740371e-10], [0.22556375716770963, 0.01503759398195489], [0.736268387855579, 0.9272700981372759]], "llh": -37.61418545840602, "nlglh": 5.426579882792012, "prob": 0.14787986240289505, "count": 2415, "parents": [3, 1, 0, 5, 2], "samples": ["L15B13I1", "L15B13I2"], "cdi": [0.9896343794188902, 0.4840102667007394], "cmdi": [3.0464085989571545, 2.4433943445382242], "sdi": [1.584962500721156, 2.0], "visible_sampidxs": null, "samp_colours": null, "pop_colours": null}
