{"phi": [[0.9999999999999999, 1.0], [0.9616689428071026, 0.9760711807672919], [0.15185056375548592, 0.011272223322214232], [0.15185056375548592, 0.011272223322214232], [0.6768351552909528, 0.609132584859486], [0.9955835006138637, 0.9786381750357203], [0.15652241075146012, 0.012998970008708179], [0.17543589278285768, 0.012998970008708179], [0.23023307551745653, 0.24624604331626], [0.010526344301729745, 0.1578978611304032], [0.25224983838116793, 0.012998970008708179], [0.23636597173487592, 0.012998970008708179], [0.30727443217230765, 0.4990599465026614], [0.9005370119969252, 0.9095513877106313], [0.18732811147099446, 0.012998970008708179], [0.641820777403139, 0.5120589165113696], [0.18732811147099446, 0.012998970008708179], [0.14919395712455233, 0.09115855795313711], [0.14507995774072838, 0.01036272555167588], [0.012500209582060435, 0.13861100102721416], [0.30727443217230765, 0.4320418749126568], [0.15185056375548592, 0.008968403244449185], [0.28658519186680254, 0.31409916844953956], [0.7513430548723727, 0.772773940313376], [0.20363825262104282, 0.1498832243494284], [0.23023307551745653, 0.1498832243494284], [0.14857193852114678, 0.011428479312464001], [0.016392539573638613, 0.13861100102721416]], "phi_hat": [[1.0, 1.0], [0.9616685456595265, 0.9760712298274903], [0.15950920245398773, 0.012269938650306749], [0.14285714285714285, 0.012987012987012988], [0.6768350810295519, 0.6091319618665328], [0.9955849889624724, 0.9786407766990292], [0.1565217391304348, 0.017391304347826087], [0.17543859649122806, 0.017543859649122806], [0.22811405702851426, 0.24624624624624625], [0.010526315789473684, 0.15789473684210525], [0.25225225225225223, 0.018018018018018018], [0.23636363636363636, 0.01818181818181818], [0.30656934306569344, 0.5734767025089605], [0.8811700182815356, 0.9095477386934674], [0.20408163265306123, 0.01020408163265306], [0.6418209104552276, 0.5015], [0.16766467065868262, 0.011976047904191617], [0.15067805123053743, 0.09115870400878638], [0.14507772020725387, 0.010362694300518135], [0.0125, 0.15], [0.3074772886093641, 0.43204202232435984], [0.15246636771300448, 0.008968609865470852], [0.2865853658536585, 0.31409934771700954], [0.7653631284916201, 0.7727771679473107], [0.20363636363636364, 0.1466275659824047], [0.2398190045248869, 0.13432835820895522], [0.14857142857142858, 0.011428571428571429], [0.01639344262295082, 0.16393442622950818]], "eta": [[0.004416499386136198, 0.021361824964279744], [0.06113193081017743, 0.06651979305666068], [0.0, 0.002303820077765048], [0.0, 0.0], [0.035014377887813815, 0.09707366834811638], [0.03391455780676112, 0.0025669942684283247], [0.00795047223031334, 0.0015704906962441779], [0.018913482031397564, 0.0], [0.0, 0.09636281896683159], [0.010526344301729747, 0.15789786113040322], [0.01588386664629202, 0.0], [0.04903786026388147, 0.0], [0.0, 0.06701807159000463], [1.1102230246251568e-16, 0.04561888944411819], [0.011892218688136781, 0.0], [0.08229650684966351, 0.0], [0.0, 0.0], [0.004113999383823953, 0.08079583240146125], [0.1450799577407284, 0.010362725551675882], [0.012500209582060436, 0.1386110010272142], [0.020689240305505122, 0.11794270646311723], [0.15185056375548595, 0.008968403244449186], [0.05635211634934601, 0.06785312513327958], [0.0639815552796902, 0.005743494323486865], [0.03539514929191829, 2.775557561562892e-17], [0.026594822896413715, 0.0], [0.1485719385211468, 0.011428479312464003], [0.0038923299915781793, 0.0]], "llh": -137.9191468993294, "nlglh": 3.684727208801833, "prob": 0.06770381031964826, "count": 20, "parents": [5, 3, 24, 23, 0, 7, 14, 22, 23, 15, 10, 15, 1, 16, 4, 11, 13, 17, 27, 12, 2, 20, 13, 25, 8, 6, 24], "samples": ["L17B14", "L17B8"], "cdi": [3.78699611886861, 3.458575396376661], "cmdi": [6.642045816837709, 6.140499080563089], "sdi": [4.169925001442312, 3.584962500721156], "visible_sampidxs": null, "samp_colours": null, "pop_colours": null}
