{"phi": [[0.9999999999999999, 1.0], [0.7497423367053524, 0.7494050467638422], [0.002887391983458108, 0.20421386718050832], [0.9999999999999999, 1.0], [0.002887391983458108, 0.7494050467638422], [0.002887391983458108, 0.15797790078127755], [0.09174326409600936, 0.17613699381252193], [0.007633581361140991, 0.17557135469715007], [0.007326001159776337, 0.1611733029078044]], "phi_hat": [[1.0, 1.0], [0.7497425334706488, 0.6328217237308147], [0.0032414910858995136, 0.20421393841166938], [1.0, 1.0], [0.0024154589371980675, 0.9879227053140096], [0.00315955766192733, 0.1579778830963665], [0.09174311926605505, 0.17613636363636365], [0.007633587786259542, 0.17557251908396945], [0.007326007326007326, 0.16117216117216118]], "eta": [[0.0, 0.0], [0.7468549447218944, 0.0], [0.0, 0.04623596639923078], [0.15851439919863816, 0.07445795942363584], [0.0, 0.545191179583334], [0.0028873919834581084, 0.15797790078127755], [0.08410968273486838, 0.0005656391153718576], [0.0003075802013646542, 0.014398051789345667], [0.0073260011597763375, 0.1611733029078044]], "llh": -76.84389094136769, "nlglh": 6.928893773982719, "prob": 0.027451127722885556, "count": 323, "parents": [3, 4, 0, 1, 2, 3, 6, 7], "samples": ["L20B10Inv1", "L20B9"], "cdi": [1.1160361286782163, 1.9003866416028021], "cmdi": [1.9688445781070028, 3.569512093060692], "sdi": [1.584962500721156, 2.584962500721156], "visible_sampidxs": null, "samp_colours": null, "pop_colours": null}
