{"phi": [[1.0, 1.0, 1.0], [0.57265625, 0.6131782945736434, 0.6029869321717486], [0.19891891891891886, 0.0010810810810810813, 0.0010810810810810813]], "phi_hat": [[1.0, 1.0, 1.0], [0.57265625, 0.6131782945736434, 0.6029869321717486], [0.1989189189189189, 0.001081081081081081, 0.001081081081081081]], "eta": [[0.42734375, 0.38682170542635663, 0.3970130678282514], [0.3737373310810811, 0.6120972134925623, 0.6019058510906675], [0.19891891891891886, 0.0010810810810810813, 0.0010810810810810813]], "llh": -17.773319250769205, "nlglh": 4.27357992387018, "prob": 0.5052872356382111, "count": 13475, "parents": [0, 1], "samples": ["L33B14DCIS", "L33B14Inv", "L33B8"], "cdi": [0.9316898453974716, 0.01866942653743111, 0.018941577048672328], "cmdi": [1.2790516683391033, 0.020432504406703668, 0.020734453516471397], "sdi": [1.0, -0.0, -0.0], "visible_sampidxs": null, "samp_colours": null, "pop_colours": null}
