{"phi": [[1.0, 0.9999999999999999, 1.0, 1.0], [0.0037878770121316354, 0.7351674844554846, 0.003787874245536518, 0.8215073488130831], [0.013513515094240681, 0.14864896958405185, 0.013513525009924351, 0.013513444189223924], [0.013513515094240681, 0.14864896958405185, 0.013513525009924351, 0.013513444189233163], [0.0015015007682171214, 0.0015015013799949879, 0.001501500727000849, 0.159159173408481], [0.7487355681016583, 0.7393100624828093, 0.7541401781987352, 0.8341464834872362], [0.8810064817413953, 0.9999999999999999, 0.9615661559307178, 0.9908068678308488], [0.5806453680016108, 0.004142578027324678, 0.009216583774532832, 0.005477966155626606], [0.6984735802310166, 0.7393100624828093, 0.7439915428676569, 0.8269853149687096]], "phi_hat": [[1.0, 1.0, 1.0, 1.0], [0.003787878787878788, 0.9696969696969697, 0.003787878787878788, 0.9581749049429658], [0.0136986301369863, 0.1506849315068493, 0.0136986301369863, 0.0136986301369863], [0.013333333333333334, 0.14666666666666667, 0.013333333333333334, 0.013333333333333334], [0.0015015015015015015, 0.0015015015015015015, 0.0015015015015015015, 0.15915915915915915], [0.7487352445193929, 0.7338235294117647, 0.7541401273885351, 0.8341463414634146], [0.8810068649885584, 1.0, 0.9615663524292966, 0.9908069458631257], [0.5806451612903226, 0.009216589861751152, 0.009216589861751152, 0.009216589861751152], [0.6984732824427481, 0.6458333333333334, 0.7439916405433646, 0.761384335154827]], "eta": [[0.11899351825860471, 0.0, 0.038433844069282186, 0.009193132169151186], [0.002286376243914514, 0.7336659830754898, 0.002286373518535669, 0.6623481754046021], [0.013513515094240681, 0.14864896958405188, 0.013513525009924351, 0.013513444189223924], [0.0, 0.0, 0.0, 9.239137233052475e-15], [0.0015015007682171214, 0.001501501379994988, 0.001501500727000849, 0.159159173408481], [0.05026198787064173, 0.0, 0.010148635331078348, 0.0071611685185265506], [0.11875739854549627, 0.1120409679331388, 0.19391245272205826, 0.14314694015437945], [0.5806453680016108, 0.004142578027324679, 0.009216583774532832, 0.005477966155626606], [0.11404033521727408, 0.0, 0.7309870848475876, 0.0]], "llh": -105.17597099027319, "nlglh": 4.741776617760894, "prob": 0.14250488592432822, "count": 2285, "parents": [8, 3, 6, 1, 6, 0, 8, 5], "samples": ["L38B11", "L38B6", "L38B7ER63pos", "L38B7ER63weak"], "cdi": [1.5340712946795068, 1.137279926057396, 1.0218501393202195, 1.392800957254313], "cmdi": [3.1478845323936886, 2.8519864690633088, 2.287126030660535, 3.1426756972492487], "sdi": [2.321928094887362, 1.584962500721156, 2.0, 2.0], "visible_sampidxs": null, "samp_colours": null, "pop_colours": null}
