{"phi": [[1.0, 1.0, 1.0, 1.0, 0.9999999999999999], [0.0768118055773702, 0.11517257929802945, 0.12544509716973928, 0.1007441528507263, 0.15927409868054104], [0.6160784348900048, 0.0032071202487831815, 0.536836225309322, 0.5403212541272603, 0.6021162541588685], [1.0, 1.0, 1.0, 1.0, 0.9999999999999999], [0.6120585862928714, 0.0011701942931999117, 0.003936996939046677, 0.0034672109680994765, 0.004098357830764982], [0.0008574625980449712, 0.10125317894708982, 0.06303152415535128, 0.001001002479967854, 0.14100015884340242], [0.002108247190826381, 0.0009669366980899289, 0.007042238867390798, 0.5341398349893914, 0.007042261867912235], [0.0008574625980449712, 0.1670832066954181, 0.08813183995695452, 0.001001499697642961, 0.22134625901007118], [0.9223307318245849, 0.7135046993808056, 0.7238097491756613, 0.5403212541272603, 0.6193796423093877], [1.0, 1.0, 1.0, 1.0, 0.9999999999999999], [0.0019116014063070867, 0.0010699892574933408, 0.30980431655044355, 0.0027142081697693913, 0.00308641484375904], [0.07766926817541517, 0.28649530061919437, 0.23767047244050993, 0.4596787458727397, 0.3806203576906122], [0.6139701876991784, 0.0022401835506932525, 0.31374131348949025, 0.006181419137868868, 0.2992125699989911], [0.9223307318245849, 0.7135046993808056, 0.76232952755949, 0.5403212541272603, 0.6193796423093877], [0.007936584363237336, 0.007604505972014116, 0.00760457682189774, 0.007604552538841731, 0.15079111516633387], [0.0768118055773702, 0.007604505972014116, 0.00760457682189774, 0.007604552538841731, 0.15927409868054104]], "phi_hat": [[1.0, 1.0, 1.0, 1.0, 1.0], [0.10738255033557047, 0.11517275913870806, 0.12544547398431932, 0.10074413279908415, 0.16224336504757136], [0.5065637065637065, 0.0008312551953449709, 0.5368360936607652, 0.7749391727493917, 0.6021164021164022], [1.0, 1.0, 1.0, 0.9969278033794163, 1.0], [0.9590163934426229, 0.004098360655737705, 0.004098360655737705, 0.004098360655737705, 0.004098360655737705], [0.001001001001001001, 0.1012531328320802, 0.06303151575787894, 0.001001001001001001, 0.141], [0.007042253521126761, 0.007042253521126761, 0.007042253521126761, 0.647887323943662, 0.007042253521126761], [0.00100150225338007, 0.16708354177088544, 0.08813219829744617, 0.00100150225338007, 0.22945891783567135], [0.9604406609914873, 0.7658473479948253, 0.7238095238095238, 0.4438095238095238, 0.6949706074461136], [1.0, 0.8649214659685864, 1.0, 0.7510373443983402, 0.9838709677419355], [0.0030864197530864196, 0.0030864197530864196, 0.31790123456790126, 0.0030864197530864196, 0.0030864197530864196], [0.07053526763381691, 0.31, 0.2565, 0.5725, 0.4005], [1.0, 0.006060606060606061, 0.30180180180180183, 0.006060606060606061, 0.2992125984251969], [0.9858088930936613, 0.7862068965517242, 0.8987138263665595, 0.8205128205128205, 0.6726296958855098], [0.007936507936507936, 0.007936507936507936, 0.007936507936507936, 0.007936507936507936, 0.15079365079365079], [0.09195402298850575, 0.0072992700729927005, 0.0072992700729927005, 0.0072992700729927005, 0.18055555555555555]], "eta": [[0.0, 0.0, 0.0, 0.0, 0.0], [0.0, 0.10756807332601534, 0.11784052034784154, 0.09313960031188456, 0.0], [0.0, 0.0, 0.21605267295244096, 1.9081958235744878e-17, 0.29586142229196516], [0.0, 0.0, 0.0, 0.0, 0.0], [0.6120585862928712, 0.0011701942931999119, 0.003936996939046677, 0.0034672109680994765, 0.004098357830764982], [0.000857462598044971, 0.10125317894708984, 0.06303152415535128, 0.001001002479967854, 0.14100015884340242], [0.0021082471908263805, 0.000966936698089929, 0.007042238867390798, 0.5341398349893914, 0.007042261867912235], [0.0, 0.06583002774832829, 0.02510031580160324, 4.972176751070166e-07, 0.08034610016666877], [0.30625229693458006, 0.7102975791320225, 0.18697352386633936, 0.0, 0.0172633881505192], [1.1102230246251563e-16, 0.0, 1.1102230246251565e-16, 0.0, 0.0], [0.0019116014063070863, 0.001069989257493341, 0.30980431655044355, 0.0027142081697693913, 0.00308641484375904], [1.3877787807814454e-17, 0.004239514625746844, 0.02409353531381614, 0.35793309332437045, 0.0], [0.0, 0.0, 0.0, 0.0, 0.2920277973244671], [0.0, 0.0, 0.038519778383828696, 0.0, 0.0], [0.007936584363237334, 0.007604505972014117, 0.00760457682189774, 0.007604552538841731, 0.15079111516633387], [0.06887522121413285, 0.0, 0.0, 0.0, 0.008482983514207176]], "llh": -466.22023593903333, "nlglh": 8.968181631351012, "prob": 0.44935180199022634, "count": 7889, "parents": [11, 8, 0, 12, 7, 2, 11, 13, 3, 12, 9, 2, 9, 15, 1], "samples": ["L41B12PR57neg", "L41B12PR57pos", "L41B13", "L41B16", "L41B9"], "cdi": [1.3222979009399682, 1.4080551666801806, 2.647802120841515, 1.447723014569389, 2.408817664729772], "cmdi": [3.8463145138117563, 3.445714447886538, 4.97352872322273, 3.6213803602746806, 4.821139171108722], "sdi": [1.584962500721156, 2.0, 3.0, 1.584962500721156, 2.584962500721156], "visible_sampidxs": null, "samp_colours": null, "pop_colours": null}
