{"phi": [[0.9999999999999998, 1.0, 0.9999999999999999], [0.588234793417733, 0.7040629986898823, 0.8094542621157038], [0.018518312560983265, 0.01851867333255845, 0.14814621178932844], [0.010958912455134301, 0.010958942556050235, 0.1666676163801979], [0.24662326106678276, 0.48358038312263374, 0.6578949971077973], [0.3739998328593875, 0.5485484420656015, 0.6578949971077973], [0.9013754699760909, 0.9999999999, 0.986486757258644], [0.010958912455134301, 0.010958942556050235, 0.18378208025270845], [0.9013754699760909, 1.0, 0.9949950246957058], [0.011976044550882678, 0.011976111655890784, 0.2993991963034514], [0.19999142362063546, 0.015873019613436193, 0.12345826530930283]], "phi_hat": [[1.0, 1.0, 1.0], [0.5882352941176471, 0.7040630685263797, 0.8094534711964549], [0.018518518518518517, 0.018518518518518517, 0.14814814814814814], [0.011111111111111112, 0.011111111111111112, 0.16666666666666666], [0.2466233116558279, 0.4835805084745763, 0.7084323040380047], [0.374, 0.5485485485485485, 0.6], [0.9029850746268657, 1.0, 0.9864864864864865], [0.010810810810810811, 0.010810810810810811, 0.1837837837837838], [0.900562851782364, 1.0, 0.9949964260185847], [0.011976047904191617, 0.011976047904191617, 0.2994011976047904], [0.2, 0.015873015873015872, 0.12345679012345678]], "eta": [[0.09862453002390895, 0.0, 0.0050049753042941125], [0.21423496055834557, 0.15551455662428082, 0.1515592650079065], [0.01851831256098327, 0.01851867333255845, 0.14814621178932844], [0.010958912455134303, 0.010958942556050235, 0.1666676163801979], [0.20516999149978257, 0.44212665557813424, 0.026567508762309067], [0.12737657179260475, 0.06496805894296775, 0.0], [0.11314925293772243, 0.2800639815966815, 0.05357422983363734], [0.0, 0.0, 0.01711446387251056], [0.0, 1.000000082740371e-10, 0.00850826743706179], [0.011976044550882681, 0.011976111655890784, 0.2993991963034514], [0.19999142362063552, 0.015873019613436193, 0.12345826530930283]], "llh": -91.85133328360178, "nlglh": 4.417115434243056, "prob": 0.0035213408755842227, "count": 59, "parents": [6, 4, 7, 5, 1, 8, 4, 0, 4, 6], "samples": ["L47B4", "L47B7", "L47B9"], "cdi": [2.510757894992405, 2.057879434181059, 2.675409648738463], "cmdi": [4.297380706270913, 3.8757022351633736, 4.906755524990901], "sdi": [3.0, 3.0, 3.0], "visible_sampidxs": null, "samp_colours": null, "pop_colours": null}
