{"phi": [[1.0, 1.0, 1.0], [0.0008968609861883406, 0.7630146402649932, 0.0008968609863677127], [0.9999999998, 1.0, 0.9999999998000001], [0.9999999996, 1.0, 0.9641734756085482], [0.4839999998064, 0.23698535973500684, 0.15599999996879998], [0.9999999999, 1.0, 0.9999999999000001], [0.9999999997, 1.0, 0.9661458331401043], [0.09209209205525527, 0.20120112353269953, 0.0010010010008008005]], "phi_hat": [[1.0, 1.0, 1.0], [0.0008968609865470852, 0.9739910313901345, 0.0008968609865470852], [1.0, 1.0, 1.0], [1.0, 1.0, 0.9641734758013828], [0.484, 0.3411705852926463, 0.156], [1.0, 0.9502262443438914, 1.0], [1.0, 1.0, 0.9661458333333334], [0.0920920920920921, 0.2012012012012012, 0.001001001001001001]], "eta": [[1.000000082740371e-10, 0.0, 9.999989725173464e-11], [0.0008968609861883406, 0.763014640264993, 0.0008968609863677127], [1.000000082740371e-10, 0.0, 0.033854166659895824], [0.5151031388074117, 5.5511151231257815e-17, 0.8072766146533804], [0.39190790775114476, 0.0357842362023073, 0.15499899896799918], [1.000000082740371e-10, 0.0, 1.000000082740371e-10], [1.000000082740371e-10, 0.0, 0.0019723575315561126], [0.09209209205525527, 0.20120112353269948, 0.0010010010008008005]], "llh": -155.9587982119989, "nlglh": 10.714332607783492, "prob": 0.13343264507003622, "count": 2270, "parents": [3, 5, 6, 3, 0, 2, 4], "samples": ["L50B11I1", "L50B11I2", "L50B14I3"], "cdi": [1.3485650044347184, 0.9351045570080563, 0.8683733917119512], "cmdi": [3.5288903154388134, 3.3099554698769342, 2.8844734277606734], "sdi": [1.584962500721156, 1.584962500721156, 1.584962500721156], "visible_sampidxs": null, "samp_colours": null, "pop_colours": null}
