{"phi": [[1.0, 1.0, 1.0, 1.0, 1.0, 1.0, 1.0], [0.09714015688272844, 0.1127091795855144, 0.1141834251051222, 0.13813831549594957, 0.16439766501091052, 0.1257548128119548, 0.21115529308054745], [0.002213326214840531, 0.002954209764076287, 0.1536191816748215, 0.0029542100174353198, 0.002954207568207755, 0.0029542081575972636, 0.0029542124738472734], [0.9076452750444034, 0.7424302584090519, 0.58643608041776, 0.4718640036998284, 0.9098237815246544, 0.6922159982877009, 0.7147239307267433], [0.8068900978518664, 0.0031347938472875195, 0.0031347924335387626, 0.0031347971253378594, 0.0031347939242580727, 0.003134794549676091, 0.003134799129772107], [0.9076452750444034, 0.7424302584090519, 0.58643608041776, 0.6860942226591957, 0.9305973517397365, 0.8486968796335368, 0.7517007133391163], [0.0014016940949679898, 0.0016800940048063973, 0.0014864039933658875, 0.0019286400210257709, 0.10880202214806592, 0.0015374747529839949, 0.24200924646500896], [0.9076452750444034, 1.0, 1.0, 0.893854835814943, 0.9305973517397365, 0.8486968796335368, 0.7517007133391163], [0.9076452750444034, 1.0, 1.0, 0.9504865013370497, 0.9305973517397365, 0.8486968796335368, 0.9016099931799073], [0.8091034240667069, 0.628040984818731, 0.47076625131927197, 0.0069444504167287865, 0.006944432170348265, 0.5649237107227619, 0.006944448762070821], [0.9902353233623467, 1.0, 1.0, 0.9504865013370497, 1.0, 1.0, 0.9783574111499244], [0.015384698790654046, 0.015384619588190028, 0.1141834251051222, 0.01538463513717435, 0.12941157519217808, 0.015384562807081061, 0.015384622924028483]], "phi_hat": [[1.0, 1.0, 1.0, 1.0, 1.0, 1.0, 1.0], [0.12081418253447143, 0.1210877373011801, 0.129, 0.13813813813813813, 0.1643979057591623, 0.14647137150466044, 0.21115537848605578], [0.0029542097488921715, 0.0029542097488921715, 0.1536189069423929, 0.0029542097488921715, 0.0029542097488921715, 0.0029542097488921715, 0.0029542097488921715], [0.8804457953394124, 0.8461538461538461, 0.5294117647058824, 0.47186370676303563, 0.909823677581864, 0.6313645621181263, 0.7147239263803681], [0.9780564263322884, 0.003134796238244514, 0.003134796238244514, 0.003134796238244514, 0.003134796238244514, 0.003134796238244514, 0.003134796238244514], [0.9101856497742097, 0.6039058587881823, 0.5746192893401015, 0.6860940695296524, 1.0, 0.8599651365485182, 0.7619047619047619], [0.0019286403085824494, 0.0019286403085824494, 0.0019286403085824494, 0.0019286403085824494, 0.10880195599022005, 0.0019286403085824494, 0.2420091324200913], [0.8864432216108054, 1.0, 1.0, 0.8938547486033519, 0.9114557278639319, 0.8414207103551776, 0.7436676798378926], [0.8564282141070535, 1.0, 0.996996996996997, 0.9824912456228114, 0.8703054581872809, 0.8462694041061593, 0.9016100178890877], [1.0, 0.8642857142857143, 1.0, 0.006944444444444444, 0.006944444444444444, 1.0, 0.006944444444444444], [0.990234375, 1.0, 1.0, 0.7747252747252747, 1.0, 1.0, 0.9783549783549783], [0.015384615384615385, 0.015384615384615385, 0.15384615384615385, 0.015384615384615385, 0.12941176470588237, 0.015384615384615385, 0.015384615384615385]], "eta": [[0.009764676637653347, 0.0, 0.0, 0.0495134986629503, 0.0, 0.0, 0.02164258885007564], [0.08175545809207439, 0.09732455999732437, 0.0, 0.12275368035877524, 0.03498608981873244, 0.11037025000487374, 0.19577067015651897], [0.002213326214840531, 0.002954209764076287, 0.15361918167482147, 0.00295421001743532, 0.002954207568207755, 0.0029542081575972636, 0.0029542124738472734], [0.0, 0.0, 1.1102230246251563e-16, 0.3248525977661243, 0.6296796621953298, 1.1102230246251565e-16, 0.25461494241911603], [0.8068900978518664, 0.0031347938472875195, 0.0031347924335387617, 0.00313479712533786, 0.0031347939242580727, 0.003134794549676091, 0.003134799129772107], [0.0, 0.0, 0.0, 0.21423021895936736, 0.020773570215082082, 0.15648088134583593, 0.036976782612372916], [0.0014016940949679898, 0.0016800940048063973, 0.001486403993365887, 0.001928640021025771, 0.10880202214806592, 0.0015374747529839949, 0.24200924646500896], [0.0, 0.25756974159094814, 0.4135639195822399, 0.20776061315574726, 0.0, 0.0, 0.0], [0.0, 0.0, 0.0, 0.05663166552210675, 0.0, 0.0, 0.14990927984079105], [0.0, 0.6219519812073673, 0.3140122772109117, 0.0008554432739556074, 0.0008554306778824376, 0.5588347080154886, 0.0008554371584514409], [0.08259004831794325, 0.0, 0.0, 0.0, 0.06940264826026354, 0.1513031203664632, 0.07674741797001705], [0.015384698790654046, 0.015384619588190028, 0.11418342510512217, 0.015384635137174352, 0.12941157519217808, 0.015384562807081061, 0.015384622924028483]], "llh": -370.9658315630342, "nlglh": 6.950526825132986, "prob": 0.6994096059699794, "count": 12561, "parents": [3, 9, 5, 9, 7, 3, 8, 10, 3, 0, 1], "samples": ["L54B12D", "L54B12I", "L54B13I2", "L54B13I3", "L54B7D", "L54B7I", "L54B8I1"], "cdi": [0.9631172917248237, 1.4163179854344161, 1.8642161168923597, 2.2937897237030693, 1.7622142745144527, 1.8089502790257397, 2.504651597007434], "cmdi": [3.517650391354807, 3.7484863156228396, 4.095869122272962, 4.34901491831696, 4.020128657980377, 3.916039997919842, 4.55829831644357], "sdi": [2.0, 2.0, 2.0, 2.584962500721156, 2.584962500721156, 2.321928094887362, 2.807354922057604], "visible_sampidxs": null, "samp_colours": null, "pop_colours": null}
