{"phi": [[0.9999999999999999, 1.0, 1.0, 1.0], [0.9999999998999999, 1.0, 0.9999999999, 0.9992424242424243], [0.7424242423499999, 0.62499996061348, 0.6112489660265508, 0.747135217723453], [0.42662632370922837, 0.0030257184006569396, 0.0030257186078668672, 0.003025718608169438], [0.9159561509437271, 1.0, 0.9668874171218542, 0.836662749706228]], "phi_hat": [[1.0, 1.0, 1.0, 1.0], [1.0, 0.9982964224872232, 1.0, 0.9992424242424243], [0.7424242424242424, 0.625, 0.6112489660876758, 0.747135217723453], [0.4266263237518911, 0.0030257186081694403, 0.0030257186081694403, 0.0030257186081694403], [0.9159561510353228, 1.0, 0.9668874172185431, 0.836662749706228]], "eta": [[1.0000000827403711e-10, 0.0, 1.000000082740371e-10, 0.0007575757575757347], [0.08404384895627283, 0.0, 0.03311258277814577, 0.16257967453619626], [0.3157979186407716, 0.621974242212823, 0.6082232474186839, 0.7441094991152836], [0.4266263237092284, 0.0030257184006569396, 0.0030257186078668672, 0.003025718608169438], [0.17353190859372716, 0.37500003938652005, 0.35563845109530345, 0.08952753198277497]], "llh": -53.181520758667105, "nlglh": 4.7952947665914065, "prob": 1.0, "count": 26668, "parents": [0, 4, 2, 1], "samples": ["L55B10", "L55B6", "L55B9I1", "L55B9I2"], "cdi": [1.7881857195779138, 0.9820577268948495, 1.1548537425836547, 1.0801226391476306], "cmdi": [3.3154981345942427, 2.3489150534044656, 2.480554670252722, 2.356053875447826], "sdi": [2.0, 1.0, 1.584962500721156, 1.584962500721156], "visible_sampidxs": null, "samp_colours": null, "pop_colours": null}
