{"phi": [[1.0, 1.0, 1.0, 1.0000000000000002, 1.0], [0.9943463908120278, 0.8038325769036814, 0.7696503848093322, 0.7794895072410946, 0.7944489728554572], [0.47411913934526434, 0.5391658189216684, 0.6304882231320124, 0.6063240559653507, 0.658856943605121], [0.5202272514667634, 0.003906250000000001, 0.0018439418319744231, 0.003419939056959163, 0.0026664735124049834], [0.11428390931052652, 0.01351351351351352, 0.011997465197547654, 0.10190456151401692, 0.01351350069050344], [0.47411913934526434, 0.5597964376590331, 0.7678064429773578, 0.7760695681841354, 0.7917824993430522], [0.23702650317030943, 0.3405, 0.6184907579344647, 0.5044194944513337, 0.5604773778300124], [0.23702650317030943, 0.0073529411764705855, 0.007352891531675836, 0.012422351040404286, 0.5604773778300124], [0.005653609187972214, 0.007194244604316549, 0.0071941558135750995, 0.13858246852490347, 0.15498151957746809], [0.005653609187972214, 0.1020408163265306, 0.008368336748509455, 0.13858246852490347, 0.15498151957746809]], "phi_hat": [[1.0, 1.0, 1.0, 1.0, 1.0], [0.8857574232511324, 0.8038325769036813, 0.6199669056811914, 0.7591069330199764, 0.7093889716840537], [0.5619445896497648, 0.5391658189216684, 0.6284263959390863, 0.5878236529041287, 0.6588566073102156], [0.98828125, 0.00390625, 0.00390625, 0.00390625, 0.00390625], [0.11428571428571428, 0.013513513513513514, 0.013513513513513514, 0.1794871794871795, 0.013513513513513514], [0.38638163103721296, 0.5597964376590331, 0.9124866595517609, 0.7933966983491746, 0.8488488488488488], [0.184, 0.3405, 0.6205, 0.5176273083379966, 0.532043530834341], [1.0, 0.007352941176470588, 0.007352941176470588, 0.012422360248447204, 1.0], [0.007194244604316547, 0.007194244604316547, 0.007194244604316547, 0.152317880794702, 0.16470588235294117], [0.008368200836820083, 0.10204081632653061, 0.008368200836820083, 0.12612612612612611, 0.14634146341463414]], "eta": [[1.6479873021779667e-17, 0.09412660676978803, 0.22198127844215831, 0.08192802423400218, 0.05056950756707468], [5.551115123125783e-17, 0.2401298892446483, 0.0, 0.0, 0.0], [0.1228087268644284, 0.18515230540815486, 0.0, 0.0, 0.08486606508460526], [0.5202272514667634, 0.003906250000000001, 0.0018439418319744231, 0.003419939056959162, 0.0026664735124049834], [0.11428390931052652, 0.01351351351351352, 0.011997465197547654, 0.10190456151401689, 0.01351350069050344], [0.0, 0.020630618737364714, 0.13731821984534542, 0.16974551221878473, 0.1329255557379312], [0.0, 0.33314705882352946, 0.6111378664027889, 0.4919971434109293, 0.0], [0.23702650317030943, 0.0073529411764705855, 0.007352891531675836, 0.012422351040404282, 0.5604773778300124], [0.005653609187972214, 0.007194244604316549, 0.0071941558135750995, 0.13858246852490344, 0.15498151957746809], [0.0, 0.09484657172221406, 0.0011741809349343551, 0.0, 0.0]], "llh": -438.4616603132335, "nlglh": 14.057032510085405, "prob": 0.9405177949709614, "count": 12786, "parents": [0, 5, 1, 2, 1, 2, 6, 9, 0], "samples": ["L67B5", "L67B7I", "L67B7P", "L67B8Inv", "L67B8Pap"], "cdi": [1.754140821492858, 2.2079752230978897, 0.9689110795851124, 1.8103875105078877, 1.6953902501482798], "cmdi": [3.2535952245541226, 3.3511644672534344, 2.7808210337504273, 3.4751754311505842, 3.542285062416864], "sdi": [2.0, 2.584962500721156, 1.584962500721156, 2.321928094887362, 2.321928094887362], "visible_sampidxs": null, "samp_colours": null, "pop_colours": null}
