{"phi": [[1.0, 1.0, 1.0, 1.0, 1.0, 1.0], [0.6547486032210055, 0.7604093261656066, 0.7179483458630385, 0.6736327826103269, 0.6585641973195315, 0.7153308525655259], [0.9999999999000001, 1.0, 0.9995308585679291, 1.0, 0.9949925199779336, 1.0], [0.012269938647852762, 0.14723931366399073, 0.012269935308131535, 0.01226995356980868, 0.012269936709095168, 0.012269926821758348], [0.5397620537430181, 0.7604093261656066, 0.7179483458630385, 0.6736327826103269, 0.4900236954478598, 0.7153308525655259], [0.0143884892057554, 0.014388381601216438, 0.014388388255948608, 0.014388436753093422, 0.1983102115411839, 0.014388471837160813], [0.004597701148505747, 0.1436166567738993, 0.14925315746350604, 0.004597709646709103, 0.004572173099980345, 0.14835188638488492], [0.9999999998000001, 0.9999999999999999, 0.999530858567929, 1.0000000000000002, 0.8614465819606958, 1.0], [0.13953488369302325, 0.1758254065292163, 0.10958889980846062, 0.02150543559767371, 0.021505366273341327, 0.13223186298959766]], "phi_hat": [[1.0, 1.0, 1.0, 1.0, 1.0, 1.0], [0.6547486033519553, 0.6636971046770601, 0.6463963963963963, 0.642691415313225, 0.6591981132075472, 0.6719546742209632], [1.0, 0.9966832504145937, 0.9990108803165183, 0.9988518943742825, 0.994991652754591, 0.9987373737373737], [0.012269938650306749, 0.147239263803681, 0.012269938650306749, 0.012269938650306749, 0.012269938650306749, 0.012269938650306749], [0.5397620538509705, 0.8052685950413223, 0.7756584922797457, 0.7084967320261438, 0.49002394253790904, 0.7368125701459035], [0.014388489208633094, 0.014388489208633094, 0.014388489208633094, 0.014388489208633094, 0.2014388489208633, 0.014388489208633094], [0.004597701149425287, 0.14361702127659576, 0.14925373134328357, 0.004597701149425287, 0.004597701149425287, 0.14835164835164835], [1.0, 1.0, 1.0, 1.0, 0.8461538461538461, 1.0], [0.13953488372093023, 0.17582417582417584, 0.1095890410958904, 0.021505376344086023, 0.021505376344086023, 0.1322314049586777]], "eta": [[9.999989725173464e-11, 0.0, 0.0004691414320708853, 0.0, 0.005007480022066413, 0.0], [0.11498654947798737, 0.0, 0.0, 0.0, 0.16854050187167174, 0.0], [1.000000082740371e-10, 1.1102230246251568e-16, 1.1102230246251565e-16, 2.2204460492503116e-16, 0.1335459380172378, 0.0], [0.012269938647852762, 0.14723931366399076, 0.012269935308131535, 0.01226995356980867, 0.012269936709095168, 0.012269926821758348], [0.3879572314021421, 0.4373446059723997, 0.5960895107464462, 0.6398573934428441, 0.4562483924654233, 0.5708290627541699], [0.0143884892057554, 0.01438838160121644, 0.014388388255948608, 0.014388436753093412, 0.1983102115411839, 0.014388471837160813], [0.004597701148505747, 0.14361665677389931, 0.14925315746350604, 0.0045977096467091, 0.004572173099980345, 0.14835188638488492], [0.32626520622473343, 0.08158563545927751, 0.11794096698543594, 0.3073810709898706, 2.5153490401663703e-17, 0.12192878921242836], [0.13953488369302325, 0.17582540652921633, 0.10958889980846062, 0.021505435597673695, 0.021505366273341327, 0.13223186298959766]], "llh": -156.0776349620723, "nlglh": 4.691092290697076, "prob": 0.031078100289726743, "count": 466, "parents": [7, 0, 4, 1, 7, 7, 2, 4], "samples": ["L73B10Area1", "L73B10Area2", "L73B12I1", "L73B12I2", "L73B14A1", "L73B14Area2"], "cdi": [2.014081222178386, 2.154790460834088, 1.7338566758748748, 1.2560768331865555, 2.0358084725826355, 1.7921937824451348], "cmdi": [3.6810825420597535, 4.111630419271263, 3.587159291789339, 2.9516890461627354, 3.623370112650628, 3.649240827826269], "sdi": [2.584962500721156, 2.584962500721156, 2.584962500721156, 2.321928094887362, 2.584962500721156, 2.584962500721156], "visible_sampidxs": null, "samp_colours": null, "pop_colours": null}
