{"phi": [[1.0000000000000002, 1.0, 1.0], [0.09988851030365803, 0.17034648578638775, 0.07441390447509544], [0.1093232844460085, 0.1774840573248253, 0.2435453393392594], [0.11173685970063027, 0.3335004494148162, 0.6190304252774237], [0.9903237581984489, 1.0, 1.0], [0.5725967786529199, 0.6823047112510825, 0.7564546606607405], [0.009434774142350468, 0.0071375715384375624, 0.16913143486416396], [0.1515120125071043, 0.011070120496330221, 0.007946761026894192], [0.009434774142350468, 0.0071375715384375624, 0.16913143486416396], [0.1515120125071043, 0.011070120496330221, 0.007946761026894192], [0.009434774142350468, 0.0071375715384375624, 0.16913143486416396], [0.944747346570825, 1.0, 1.0], [0.6256323456924487, 0.7383650579557425, 0.7564546606607405], [0.6256323456924487, 0.7292293155345813, 0.7564546606607405], [0.26341129777737604, 0.43222848082260096, 0.6269771863043179], [0.0017905073313243972, 0.001790519128084725, 0.16913143486416396], [0.009434774142350468, 0.0071375715384375624, 0.16913143486416396], [0.24461278105431825, 0.25800016835844763, 0.2435453393392594], [0.0025000037287670504, 0.0024999995972133336, 0.6190304252774237], [0.511392152928916, 0.6549290949839457, 0.7564546606607405], [0.1093232844460085, 0.1774840573248253, 0.2435453393392594], [0.511392152928916, 0.5073573881950535, 0.6269771863043179], [0.8702451267467671, 1.0, 1.0], [0.009434774142350468, 0.0071375715384375624, 0.16913143486416396], [0.15167443807674577, 0.011070120496330221, 0.007946761026894192]], "phi_hat": [[1.0, 1.0, 1.0], [0.10640608034744843, 0.21196581196581196, 0.07799442896935933], [0.12006003001500751, 0.16132264529058116, 0.3014521782674011], [0.1126573889993373, 0.33350025037556336, 0.5857033051498847], [0.990325417766051, 1.0, 1.0], [0.5725971370143149, 0.6823049464558899, 0.7360122075279756], [0.0106951871657754, 0.0106951871657754, 0.16042780748663102], [0.14545454545454545, 0.012121212121212121, 0.012121212121212121], [0.013422818791946308, 0.013422818791946308, 0.18791946308724833], [0.15757575757575756, 0.012121212121212121, 0.012121212121212121], [0.00966183574879227, 0.00966183574879227, 0.17391304347826086], [0.9447453954496208, 1.0, 0.9941444372153546], [0.6192052980132451, 0.7383660806618407, 0.8435251798561151], [0.6303580433686334, 0.7292292292292293, 0.8466933867735471], [0.26265664160401003, 0.4322289156626506, 0.6902255639097744], [0.0017905102954341987, 0.0017905102954341987, 0.18442256042972247], [0.014814814814814815, 0.014814814814814815, 0.16296296296296298], [0.24772727272727274, 0.258, 0.27808988764044945], [0.0025, 0.0025, 0.7875], [0.46331658291457284, 0.6549295774647887, 0.9222222222222223], [0.09204602301150576, 0.15562248995983935, 0.3139418254764293], [0.5725239616613419, 0.5073572689817539, 0.3718518518518519], [0.5714285714285714, 1.0, 1.0], [0.0078125, 0.0078125, 0.140625], [0.16037735849056603, 0.009433962264150943, 0.009433962264150943]], "eta": [[0.009676241801551353, 0.0, 0.0], [0.099888510303658, 0.17034648578638775, 0.07441390447509544], [0.0, 0.0, 0.0], [0.1092368559718632, 0.3310004498176029, 0.0], [0.04557641162762382, 0.0, 0.0], [0.061204625724003855, 0.027375616267136804, 0.0], [0.0, 0.0, 0.0], [0.0, 0.0, 0.0], [0.0, 0.0, 0.0], [0.15151201250710428, 0.011070120496330221, 0.007946761026894192], [0.0, 0.0, 0.0], [0.0745022198240579, 0.0, 0.0], [0.0, 0.00913574242116122, 0.0], [0.053035567039528816, 0.04692460428349876, 0.0], [0.0, 0.08765791091145453, 1.3877787807814457e-17], [0.0017905073313243967, 0.001790519128084725, 0.16913143486416396], [0.0076442668110260695, 0.005347052410352837, 0.0], [0.13528949660830972, 0.08051611103362233, 0.0], [0.00250000372876705, 0.0024999995972133336, 0.6190304252774237], [0.0, 0.1475717067888922, 0.12947747435642265], [0.0, 0.0, 0.0], [0.24798085515153995, 0.07512890737245254, 0.0], [1.3877787807814454e-16, 0.003634773685809889, 8.326672684688674e-17], [0.0, 0.0, 0.0], [0.00016242556964146668, 0.0, 0.0]], "llh": -375.02371030255426, "nlglh": 7.514511764851033, "prob": 0.16872239462445798, "count": 76, "parents": [2, 20, 14, 0, 13, 23, 24, 6, 7, 8, 4, 22, 12, 21, 16, 10, 22, 3, 5, 17, 19, 11, 2, 14], "samples": ["L75B4", "L75B6", "L75B7"], "cdi": [3.045611814050639, 2.84216497320308, 1.578149376657753], "cmdi": [5.669901533040185, 5.775526031129254, 4.926856960653538], "sdi": [3.169925001442312, 3.169925001442312, 2.0], "visible_sampidxs": null, "samp_colours": null, "pop_colours": null}
