{"phi": [[1.0, 1.0, 1.0], [1.0, 1.0, 1.0], [0.002273813191891605, 0.3737421726619529, 0.45977048293800793], [0.48096226452698176, 0.0010020043965851488, 0.0007421180738784468], [0.0006421927718771673, 0.0010005010347053417, 0.2241119635530436], [0.7277853123186357, 0.6262578273380471, 0.5402295170619921], [0.0016316204200144378, 0.018017265673863, 0.14413837943378208], [0.1513154815424699, 0.013158022773549919, 0.0039926145278837335], [0.7277853123186357, 0.6262578273380471, 0.5402295170619921], [0.7277853123186357, 0.6262578273380471, 0.00473473260176218], [0.7504658963645472, 0.6262578273380471, 0.5402295170619921], [0.24953410363545284, 0.3737421726619529, 0.45977048293800793], [0.1513154815424699, 0.013158022773549919, 0.0039926145278837335]], "phi_hat": [[1.0, 1.0, 1.0], [0.9972375690607734, 0.997545008183306, 0.9976331360946745], [0.0010030090270812437, 0.6914199698946312, 0.7669172932330827], [0.48096192384769537, 0.001002004008016032, 0.001002004008016032], [0.0010005002501250625, 0.0010005002501250625, 0.224112056028014], [0.6726618705035972, 0.7247259439707674, 0.8234375], [0.018018018018018018, 0.018018018018018018, 0.14414414414414414], [0.16981132075471697, 0.018867924528301886, 0.018867924528301886], [0.6840260390585878, 0.7363681840920461, 0.7124937280481686], [0.916754478398314, 1.0, 0.0017857142857142857], [0.9276315789473685, 0.6561043802423113, 0.6329113924050633], [0.2747861097131354, 0.3920750782064651, 0.5065065065065065], [0.1414141414141414, 0.010101010101010102, 0.010101010101010102]], "eta": [[0.0, 0.0, 0.0], [0.0, 1.1102230246251563e-16, 0.0], [2.168404344971009e-19, 0.3547244059533845, 0.09152013995118224], [0.48096226452698176, 0.0010020043965851485, 0.0007421180738784468], [0.0006421927718771673, 0.0010005010347053415, 0.2241119635530436], [0.0, 0.0, 0.0], [0.0016316204200144378, 0.018017265673862998, 0.14413837943378208], [0.1513154815424699, 0.013158022773549915, 0.0039926145278837335], [0.0, 0.0, 0.5354947844602299], [0.09550756624918408, 0.6120978001679119, 0.0], [0.022680584045911445, 0.0, 0.0], [0.24726029044356124, 0.0, 0.0], [0.0, 0.0, 0.0]], "llh": -638.7556718839112, "nlglh": 25.5980455601838, "prob": 0.13383344979728687, "count": 421, "parents": [0, 11, 9, 2, 10, 2, 12, 5, 8, 1, 1, 9], "samples": ["L76B5", "L76B7", "L76B9"], "cdi": [1.888000074366018, 1.1704249156258792, 1.724122933197356], "cmdi": [4.0523159565435165, 3.2314617933869454, 3.6897962114136598], "sdi": [2.321928094887362, 2.0, 2.0], "visible_sampidxs": null, "samp_colours": null, "pop_colours": null}
