{"phi": [[1.0, 1.0000000000000002, 1.0, 1.0, 1.0], [0.9860990475723762, 0.9297629469211406, 0.5675539554663401, 0.5696247861937974, 0.5765378898311961], [0.15384647280062635, 0.00793649009512913, 0.00449188161189012, 0.07135359157991883, 0.00731446689569457], [0.0070684060284005945, 0.008539207561502487, 0.0134227623555008, 0.011285590900051835, 0.1476536957524523], [0.0070684060284005945, 0.008539207561502487, 0.013422762451804538, 0.011285590900051835, 0.20133961298167502], [0.0020272141127488396, 0.0022498047164934186, 0.0027855120449606077, 0.2553707666660478, 0.0027855116115539907], [0.5850506790902175, 0.5050814429084048, 0.5554999201265074, 0.4908220582495708, 0.5580311376868534], [1.0, 1.0000000000000002, 0.9784058460859113, 1.0, 0.9846271203706793], [1.0, 1.0000000000000002, 0.9784058460859113, 0.8460621626472804, 0.9846271203706793], [0.5850506790902175, 0.0023980815519722073, 0.5554999201265074, 0.0023980835189712515, 0.002398084302300271], [0.011904781149946711, 0.17340883660447298, 0.007562153727942673, 0.007449136364307713, 0.011192285248648086], [0.011904781149946711, 0.15951113864065442, 0.007562153727942673, 0.007449136364307713, 0.011192285248648086], [0.00480533228647424, 0.05944804080086366, 0.1720386723279851, 0.009781018887383319, 0.0135134038037208]], "phi_hat": [[1.0, 1.0, 1.0, 1.0, 1.0], [1.0, 0.9730554143365532, 0.5271794871794871, 0.539291217257319, 0.5720143516145566], [0.15384615384615385, 0.007936507936507936, 0.007936507936507936, 0.11612903225806452, 0.007936507936507936], [0.013422818791946308, 0.013422818791946308, 0.013422818791946308, 0.013422818791946308, 0.1476510067114094], [0.013422818791946308, 0.013422818791946308, 0.013422818791946308, 0.013422818791946308, 0.20134228187919462], [0.002785515320334262, 0.002785515320334262, 0.002785515320334262, 0.27298050139275765, 0.002785515320334262], [0.4953798767967146, 0.5050813008130082, 0.4844689378757515, 0.5095, 0.5613496932515337], [0.9755713159968479, 0.9652226967663209, 0.9646070785842832, 1.0, 0.9469240048250904], [0.9488054607508533, 0.9787798408488063, 1.0, 0.806312769010043, 1.0], [0.9702315325248071, 0.002398081534772182, 1.0, 0.002398081534772182, 0.002398081534772182], [0.011560693641618497, 0.17341040462427745, 0.011560693641618497, 0.011560693641618497, 0.011560693641618497], [0.012269938650306749, 0.15950920245398773, 0.012269938650306749, 0.012269938650306749, 0.012269938650306749], [0.013513513513513514, 0.10784313725490197, 0.17204301075268819, 0.013513513513513514, 0.013513513513513514]], "eta": [[0.0, 0.0, 0.0215941539140887, 0.0, 0.015372879629320654], [0.2352971145315857, 0.24333617731313356, 6.938893903907228e-18, 6.071532165918825e-17, 3.989863994746656e-17], [0.15384647280062635, 0.007936490095129126, 0.00449188161189012, 0.07135359157991883, 0.007314466895694568], [0.0070684060284005945, 0.008539207561502483, 0.0134227623555008, 0.011285590900051835, 0.14765369575245227], [0.0, 0.0, 9.630373755398214e-11, 0.0, 0.05368591722922271], [0.0020272141127488396, 0.0022498047164934178, 0.0027855120449606077, 0.2553707666660478, 0.0027855116115539902], [0.0, 0.5026833613564324, 0.0, 0.48842397473059956, 0.555633053384553], [0.0, 0.0, 0.0, 0.1539378373527196, 0.0], [4.423544863740858e-17, 8.32667268468867e-17, 0.222604943794821, 6.591949208711867e-17, 0.1904507021425334], [0.5850506790902175, 0.0023980815519722065, 0.5554999201265074, 0.0023980835189712515, 0.0023980843023002707], [0.0, 0.01389769796381856, 0.0, 0.0, 0.0], [0.011904781149946711, 0.15951113864065433, 0.007562153727942673, 0.007449136364307713, 0.011192285248648084], [0.00480533228647424, 0.05944804080086363, 0.1720386723279851, 0.009781018887383319, 0.013513403803720797]], "llh": -359.37822683335753, "nlglh": 8.641219760932566, "prob": 0.14775316762713456, "count": 2043, "parents": [8, 1, 4, 8, 8, 1, 0, 7, 6, 1, 10, 8], "samples": ["L8B10", "L8B13", "L8B6I1", "L8B6I2", "L8B7"], "cdi": [1.5408221575567085, 1.899924094915024, 1.5894144196664401, 1.9070197409698932, 1.81954657112783], "cmdi": [3.632506002630476, 3.825446663685802, 3.4730025688514043, 3.4922662289959985, 3.6010659850848454], "sdi": [2.0, 2.321928094887362, 2.0, 2.321928094887362, 2.584962500721156], "visible_sampidxs": null, "samp_colours": null, "pop_colours": null}
