{"phi": [[1.0, 1.0, 1.0000000000000002], [0.9999999999000001, 0.9985207100591716, 0.9999999999317543], [0.6408554570989675, 0.8177777777777779, 0.5469390925222564], [0.018348623849541282, 0.14678899082568808, 0.018348677515186523], [0.23529411760000002, 0.019607843137254898, 0.019607787477053096], [0.9351851849981483, 0.8676171079429735, 0.925925952708485], [0.0017667844519434627, 0.0017667844522968191, 0.1837455803829602], [0.5007668710654908, 0.6526526526526527, 0.3214646745971484], [0.9999999998000001, 0.9697885196374623, 0.925925952708485], [0.16666666663333335, 0.013888888888888885, 0.013888979133455414]], "phi_hat": [[1.0, 1.0, 1.0], [1.0, 0.9985207100591716, 1.0], [0.6408554572271387, 0.8177777777777778, 0.5469387755102041], [0.01834862385321101, 0.14678899082568808, 0.01834862385321101], [0.23529411764705882, 0.0196078431372549, 0.0196078431372549], [0.9351851851851852, 0.8676171079429735, 1.0], [0.0017667844522968198, 0.0017667844522968198, 0.18374558303886926], [0.5007668711656442, 0.6526526526526526, 0.3214643931795386], [1.0, 0.9697885196374623, 0.8914600550964187], [0.16666666666666666, 0.013888888888888888, 0.013888888888888888]], "eta": [[9.999989725173464e-11, 0.0014792899408283546, 6.824596443522067e-11], [1.000000082740371e-10, 0.028732190421709384, 0.07407404722326925], [0.11997317773199201, 0.016569349847140317, 0.023380160026961246], [0.018348623849541282, 0.1467889908256881, 0.01834867751518652], [0.06862745096666667, 0.0057189542483660144, 0.005718808343597681], [0.059035610299180696, 0.030231487027940655, 0.3593790727091755], [0.0017667844519434627, 0.0017667844522968193, 0.18374558038296018], [0.5007668710654908, 0.6526526526526528, 0.32146467459714834], [0.0648148148018518, 0.10217141169448875, 0.0], [0.16666666663333335, 0.013888888888888886, 0.01388897913345541]], "llh": -80.86333276004989, "nlglh": 4.320782561580668, "prob": 0.011280323884888652, "count": 170, "parents": [0, 5, 2, 5, 8, 2, 2, 1, 4], "samples": ["L95B10", "L95B12", "L95B8"], "cdi": [2.1816133898450394, 1.6869381176645417, 2.144997848460085], "cmdi": [4.313637905117112, 3.777291509566348, 4.020713544666533], "sdi": [2.807354922057604, 2.807354922057604, 2.807354922057604], "visible_sampidxs": null, "samp_colours": null, "pop_colours": null}
