{"phi": [[1.0, 1.0], [0.12212216525274197, 0.20367465319388575], [0.0032051351549225405, 0.2211538166824665], [0.15126058676898138, 0.008204829506588499], [1.0, 0.9165719583125616], [0.007285967267190135, 0.14814790933892277], [0.2270000114940467, 0.45922553649410947], [0.1604815010112161, 0.07761578559864475], [0.013985853878485952, 0.23776382814288188], [0.14070304659427593, 0.0100503071802162], [0.001618120816562646, 0.20064734906076315], [0.0012437822131736922, 0.167851153519333], [0.011494251318742857, 0.167851153519333], [0.007285967267190135, 0.18954329827383376]], "phi_hat": [[1.0, 1.0], [0.12212212212212212, 0.2042042042042042], [0.003205128205128205, 0.22115384615384615], [0.15126050420168066, 0.008403361344537815], [1.0, 0.9106029106029107], [0.00823045267489712, 0.14814814814814814], [0.227, 0.46074074074074073], [0.160481444332999, 0.0779896013864818], [0.013986013986013986, 0.23776223776223776], [0.1407035175879397, 0.010050251256281407], [0.0016181229773462784, 0.20064724919093851], [0.0012437810945273632, 0.17039800995024876], [0.011494252873563218, 0.14942528735632185], [0.006535947712418301, 0.1895424836601307]], "eta": [[0.0, 0.08342804168743845], [0.12212216525274197, 0.20367465319388575], [0.0015870143383598944, 0.020506467621703356], [0.15126058676898138, 0.008204829506588499], [0.327641484154271, 1.1102230246251565e-16], [0.007285967267190135, 0.14814790933892277], [0.06502514375409468, 0.02186810289717761], [0.1604815010112161, 0.07761578559864475], [0.010780718723563412, 0.01661001146041538], [0.14070304659427593, 0.0100503071802162], [0.001618120816562646, 0.20064734906076315], [0.0012437822131736922, 0.167851153519333], [0.010250469105569164, 0.0], [0.0, 0.04139538893491099]], "llh": -60.317414808978455, "nlglh": 3.3469090470829133, "prob": 0.005291602270177012, "count": 31, "parents": [4, 8, 4, 0, 13, 4, 4, 6, 6, 2, 12, 4, 6], "samples": ["L96B11", "L96B12"], "cdi": [2.619839172606127, 2.8272464363465066], "cmdi": [3.3925495975584923, 4.4511935329879195], "sdi": [3.0, 3.321928094887362], "visible_sampidxs": null, "samp_colours": null, "pop_colours": null}
